Workbook

Sheet Тест-лист
A1: ТЕСТ-ЛИСТ — сценарий «Анонимизатор-2» (обезличивание в документе)
A2: Заполнять только жёлтые ячейки (столбцы E, G, H, I) по каждой строке после прогона документа через AI Guard. Столбец F считается по формуле. Столбец D — количество ПДн-сущностей в документе по manifest.json, не редактировать.
A4: № | B4: Документ | C4: Формат | D4: Сущностей всего (из manifest.json) | E4: Распознано и замаскировано | F4: % распознавания | G4: Утечка обнаружена? | H4: Демаскирование корректно? | I4: Комментарий
A5: 1 | B5: Анкета клиента (Смирнов П.А.) | C5: txt | D5: 12 | F5: =IF(E5="","",E5/D5)
A6: 2 | B6: Анкета клиента (Смирнов П.А.) | C6: json | D6: 12 | F6: =IF(E6="","",E6/D6)
A7: 3 | B7: Анкета клиента (Смирнов П.А.) | C7: xml | D7: 12 | F7: =IF(E7="","",E7/D7)
A8: 4 | B8: Анкета клиента (Смирнов П.А.) | C8: xlsx | D8: 12 | F8: =IF(E8="","",E8/D8)
A9: 5 | B9: Анкета клиента (Смирнов П.А.) | C9: docx | D9: 12 | F9: =IF(E9="","",E9/D9)
A10: 6 | B10: Анкета клиента (Смирнов П.А.) | C10: pptx | D10: 12 | F10: =IF(E10="","",E10/D10)
A11: 7 | B11: Анкета клиента (Смирнов П.А.) | C11: pdf-текст | D11: 12 | F11: =IF(E11="","",E11/D11)
A12: 8 | B12: Анкета клиента (Смирнов П.А.) | C12: pdf-скан | D12: 12 | F12: =IF(E12="","",E12/D12)
A13: 9 | B13: Служебная записка (Кузнецова А.В.) | C13: txt | D13: 10 | F13: =IF(E13="","",E13/D13)
A14: 10 | B14: Служебная записка (Кузнецова А.В.) | C14: json | D14: 10 | F14: =IF(E14="","",E14/D14)
A15: 11 | B15: Служебная записка (Кузнецова А.В.) | C15: xml | D15: 10 | F15: =IF(E15="","",E15/D15)
A16: 12 | B16: Служебная записка (Кузнецова А.В.) | C16: xlsx | D16: 10 | F16: =IF(E16="","",E16/D16)
... A28: 24 | B28: Реестр операций (5 клиентов) | C28: pdf-скан | D28: 30 | F28: =IF(E28="","",E28/D28)
A30: Пример заполнения строки 1: E5=12 (все 12 сущностей распознаны), G5="Нет", H5="Да", I5="—" (замечаний нет). Столбец F посчитается сам: 100.0%.
A32: ТЕСТОВЫЕ ДАННЫЕ. Файл — трекер результатов для тестового набора docs/test-data/anonymizer-2-test-documents/. Ground truth по сущностям — в manifest.json там же.

Sheet Сводка
A1: СВОДКА ПО ФОРМАТАМ
A3: Формат | B3: Ср. % распознавания | C3: Есть утечки? | D3: Критерий приёмки (≥98%, 0 утечек)
A4: txt | B4: =IFERROR(AVERAGE('Тест-лист'!F5,'Тест-лист'!F13,'Тест-лист'!F21),"") | C4: =IF(OR('Тест-лист'!G5="Да",'Тест-лист'!G13="Да",'Тест-лист'!G21="Да"),"ЕСТЬ","нет") | D4: =IF(AND(B4>=0.98,C4="нет"),"выполнен","не выполнен / не заполнено")
A5: json | B5: =IFERROR(AVERAGE('Тест-лист'!F6,'Тест-лист'!F14,'Тест-лист'!F22),"") | C5: =IF(OR('Тест-лист'!G6="Да",'Тест-лист'!G14="Да",'Тест-лист'!G22="Да"),"ЕСТЬ","нет") | D5: =IF(AND(B5>=0.98,C5="нет"),"выполнен","не выполнен / не заполнено")
A6: xml | B6: =IFERROR(AVERAGE('Тест-лист'!F7,'Тест-лист'!F15,'Тест-лист'!F23),"") | C6: =IF(OR('Тест-лист'!G7="Да",'Тест-лист'!G15="Да",'Тест-лист'!G23="Да"),"ЕСТЬ","нет") | D6: =IF(AND(B6>=0.98,C6="нет"),"выполнен","не выполнен / не заполнено")
A7: xlsx | B7: =IFERROR(AVERAGE('Тест-лист'!F8,'Тест-лист'!F16,'Тест-лист'!F24),"") | C7: =IF(OR('Тест-лист'!G8="Да",'Тест-лист'!G16="Да",'Тест-лист'!G24="Да"),"ЕСТЬ","нет") | D7: =IF(AND(B7>=0.98,C7="нет"),"выполнен","не выполнен / не заполнено")
A8: docx | B8: =IFERROR(AVERAGE('Тест-лист'!F9,'Тест-лист'!F17,'Тест-лист'!F25),"") | C8: =IF(OR('Тест-лист'!G9="Да",'Тест-лист'!G17="Да",'Тест-лист'!G25="Да"),"ЕСТЬ","нет") | D8: =IF(AND(B8>=0.98,C8="нет"),"выполнен","не выполнен / не заполнено")
A9: pptx | B9: =IFERROR(AVERAGE('Тест-лист'!F10,'Тест-лист'!F18,'Тест-лист'!F26),"") | C9: =IF(OR('Тест-лист'!G10="Да",'Тест-лист'!G18="Да",'Тест-лист'!G26="Да"),"ЕСТЬ","нет") | D9: =IF(AND(B9>=0.98,C9="нет"),"выполнен","не выполнен / не заполнено")
A10: pdf-текст | B10: =IFERROR(AVERAGE('Тест-лист'!F11,'Тест-лист'!F19,'Тест-лист'!F27),"") | C10: =IF(OR('Тест-лист'!G11="Да",'Тест-лист'!G19="Да",'Тест-лист'!G27="Да"),"ЕСТЬ","нет") | D10: =IF(AND(B10>=0.98,C10="нет"),"выполнен","не выполнен / не заполнено")
A11: pdf-скан | B11: =IFERROR(AVERAGE('Тест-лист'!F12,'Тест-лист'!F20,'Тест-лист'!F28),"") | C11: =IF(OR('Тест-лист'!G12="Да",'Тест-лист'!G20="Да",'Тест-лист'!G28="Да"),"ЕСТЬ","нет") | D11: =IF(AND(B11>=0.98,C11="нет"),"выполнен","не выполнен / не заполнено")
